Year,Total_Sales,YoY_Growth_Percent
2011,78131.56643295288,NULL
2012,130476.85968017578,67
2014,131809.01552391052,1.02
2015,130942.78007888794,-0.66
2016,132113.3698539734,0.89
2017,133103.90715408325,0.75
2018,204522.25677490234,53.66
2020,129103.96019744873,-36.88
2022,131477.77626419067,1.84
