Outlet_Establishment_Year,Total_Sales
2018,204522.25677490234
2017,133103.90715408325
2016,132113.3698539734
2014,131809.01552391052
2022,131477.77626419067
2015,130942.78007888794
2012,130476.85968017578
2020,129103.96019744873
2011,78131.56643295288
