Outlet_Size,Total_Sales,Num_Orders
Medium,507895.73568725586,3631
Small,444794.1705818176,3139
High,248991.58569145203,1753
