Outlet_Location_Type,Total_Sales
"Tier 3",472133.0326747894
"Tier 2",393150.6474304199
"Tier 1",336397.81185531616
